REGION,TECHNOLOGY,EMISSION,YEAR,VALUE
"REGION1","SEBFHPFH1","SEPM25",2024,2.4748406719344e-05
"REGION1","SEBMCCPH1","SEPM25",2019,6.1489128941568e-06
"REGION1","SEBMCCPH1","SEPM25",2020,0.000196381055788582
"REGION1","SEBMCCPH1","SEPM25",2021,0.000196381055788582
"REGION1","SEBMCCPH1","SEPM25",2022,0.000196381055788582
"REGION1","SEBMCCPH1","SEPM25",2023,0.000196381055788582
"REGION1","SEBMCCPH1","SEPM25",2024,0.000196381055788582
"REGION1","SEBMCCPH1","SEPM25",2025,0.000196381055788582
"REGION1","SEBMCCPH1","SEPM25",2060,0.000746892272023795
"REGION1","SEBMCHPH3","SEPM25",2025,0.00629646760122141
"REGION1","SEBMCHPH3","SEPM25",2026,0.00629646760122141
"REGION1","SEBMCHPH3","SEPM25",2027,0.00629646760122141
"REGION1","SEBMCHPH3","SEPM25",2029,0.00629646760122141
"REGION1","SEBMCHPH3","SEPM25",2030,0.0031482338006107
"REGION1","SEBMSTPH3","SEPM25",2019,0.059423156799364
"REGION1","SEBMSTPH3","SEPM25",2020,3.46448251921783
"REGION1","SEBMSTPH3","SEPM25",2021,4.05608019207295
"REGION1","SEBMSTPH3","SEPM25",2022,6.36164609096621
"REGION1","SEBMSTPH3","SEPM25",2023,6.83316480807656
"REGION1","SEBMSTPH3","SEPM25",2024,8.09421682147166
"REGION1","SEBMSTPH3","SEPM25",2025,8.60284036329843
"REGION1","SEBMSTPH3","SEPM25",2026,8.60284036329843
"REGION1","SEBMSTPH3","SEPM25",2027,8.60284036329844
"REGION1","SEBMSTPH3","SEPM25",2028,8.60284036329843
"REGION1","SEBMSTPH3","SEPM25",2029,8.60284036329843
"REGION1","SEBMSTPH3","SEPM25",2030,2.13972892135145
"REGION1","SEBMSTPH3","SEPM25",2031,1.94383881820234
"REGION1","SEBMSTPH3","SEPM25",2032,2.13638900229858
"REGION1","SEBMSTPH3","SEPM25",2033,2.46397411930491
"REGION1","SEBMSTPH3","SEPM25",2034,2.89126437892464
"REGION1","SEBMSTPH3","SEPM25",2035,6.30710139174384
"REGION1","SEBMSTPH3","SEPM25",2036,6.30710139174384
"REGION1","SEBMSTPH3","SEPM25",2037,6.30710139174384
"REGION1","SEBMSTPH3","SEPM25",2038,6.30710139174384
"REGION1","SEBMSTPH3","SEPM25",2039,6.30710139174384
"REGION1","SEBMSTPH3","SEPM25",2040,8.14376215675252
"REGION1","SEBMSTPH3","SEPM25",2041,13.8910069564008
"REGION1","SEBMSTPH3","SEPM25",2042,13.7930619048263
"REGION1","SEBMSTPH3","SEPM25",2043,14.4975906499725
"REGION1","SEBMSTPH3","SEPM25",2044,14.4975906499725
"REGION1","SEBMSTPH3","SEPM25",2045,15.2447472194706
"REGION1","SEBMSTPH3","SEPM25",2046,15.2447472194706
"REGION1","SEBMSTPH3","SEPM25",2047,15.2447472194706
"REGION1","SEBMSTPH3","SEPM25",2048,15.2447472194706
"REGION1","SEBMSTPH3","SEPM25",2049,15.2447472194706
"REGION1","SEBMSTPH3","SEPM25",2050,15.2447472194706
"REGION1","SEBMSTPH3","SEPM25",2051,15.2447472194706
"REGION1","SEBMSTPH3","SEPM25",2052,15.2447472194706
"REGION1","SEBMSTPH3","SEPM25",2053,15.2447472194705
"REGION1","SEBMSTPH3","SEPM25",2054,15.2447472194706
"REGION1","SEBMSTPH3","SEPM25",2055,15.2447472194706
"REGION1","SEBMSTPH3","SEPM25",2056,15.2447472194706
"REGION1","SEBMSTPH3","SEPM25",2057,15.2447472194706
"REGION1","SEBMSTPH3","SEPM25",2058,15.2447472194706
"REGION1","SEBMSTPH3","SEPM25",2059,15.2447472194706
"REGION1","SEBMSTPH3","SEPM25",2060,13.3988534528428
"REGION1","SECO00I00","CO2",2015,681.6854900394
"REGION1","SECO00I00","CO2",2016,768.8675551194
"REGION1","SECO00I00","CO2",2017,856.0505255544
"REGION1","SECO00I00","CO2",2018,943.2325906344
"REGION1","SECO00I00","CO2",2019,1030.4155610694
"REGION1","SECO00I00","CO2",2020,1117.5976261494
"REGION1","SECO00I00","CO2",2021,1117.5976261494
"REGION1","SECO00I00","CO2",2022,1117.5976261494
"REGION1","SECO00I00","CO2",2023,1117.5976261494
"REGION1","SECO00I00","CO2",2024,1117.5976261494
"REGION1","SECO00I00","CO2",2025,332.0464425894
"REGION1","SECO00I00","CO2",2026,404.0665274844
"REGION1","SECO00I00","CO2",2027,476.0866123794
"REGION1","SECO00I00","CO2",2028,548.107602629399
"REGION1","SECO00I00","CO2",2029,620.127506453399
"REGION1","SECO00I00","CO2",2030,692.147772419406
"REGION1","SECO00I00","CO2",2031,44.9408806307999
"REGION1","SECO00I00","CO2",2032,44.9408806307999
"REGION1","SECO00I00","CO2",2033,44.9408806308
"REGION1","SECO00I00","CO2",2034,44.9408806308
"REGION1","SECO00I00","CO2",2035,44.9408806308
"REGION1","SECO00I00","CO2",2036,44.9408806308
"REGION1","SECO00I00","CO2",2037,44.9408806308
"REGION1","SECO00I00","CO2",2038,44.9408806308
"REGION1","SECO00I00","CO2",2039,44.9408806308
"REGION1","SECO00I00","CO2",2040,44.9408806308
"REGION1","SECO00I00","CO2",2041,44.9408806308
"REGION1","SECO00I00","CO2",2042,44.9408806307999
"REGION1","SECO00I00","CO2",2043,44.9408806308
"REGION1","SECO00I00","CO2",2044,44.9408806308
"REGION1","SECO00I00","CO2",2045,44.9408806308
"REGION1","SECO00I00","CO2",2046,44.9408806308
"REGION1","SECO00I00","CO2",2047,44.9408806308
"REGION1","SECO00I00","CO2",2048,44.9408806308
"REGION1","SECO00I00","CO2",2049,44.9408806308
"REGION1","SECO00I00","CO2",2050,44.9408806308
"REGION1","SECO00I00","CO2",2051,44.9408806308
"REGION1","SECO00I00","CO2",2052,44.9408806308
"REGION1","SECO00I00","CO2",2053,44.9408806308
"REGION1","SECO00I00","CO2",2054,44.9408806308
"REGION1","SECO00I00","CO2",2055,44.9408806308
"REGION1","SECO00I00","CO2",2056,44.9408806307998
"REGION1","SECO00I00","CO2",2057,44.9408806308
"REGION1","SECO00I00","CO2",2058,44.9408806308
"REGION1","SECO00I00","CO2",2059,44.9408806308
"REGION1","SECO00I00","CO2",2060,44.9408806308
"REGION1","SECO00X00","CO2",2015,796.01346594
"REGION1","SECO00X00","CO2",2016,708.83140086
"REGION1","SECO00X00","CO2",2017,621.648430425
"REGION1","SECO00X00","CO2",2018,534.466365345
"REGION1","SECO00X00","CO2",2019,447.28339491
"REGION1","SECO00X00","CO2",2020,360.10132983
"REGION1","SECO00X00","CO2",2021,360.10132983
"REGION1","SECO00X00","CO2",2022,360.10132983
"REGION1","SECO00X00","CO2",2023,360.10132983
"REGION1","SECO00X00","CO2",2024,360.10132983
"REGION1","SECO00X00","CO2",2025,360.10132983
"REGION1","SECO00X00","CO2",2026,288.081244935
"REGION1","SECO00X00","CO2",2027,216.06116004
"REGION1","SECO00X00","CO2",2028,144.04016979
"REGION1","SECO00X00","CO2",2029,72.020265966
"REGION1","SEHYDMPH1","SEHO",2015,19.2379220267001
"REGION1","SEHYDMPH1","SEHO",2016,16.9589782232747
"REGION1","SEHYDMPH1","SEHO",2017,14.4444674488188
"REGION1","SEHYDMPH1","SEHO",2018,13.6709540131189
"REGION1","SEHYDMPH1","SEHO",2019,13.6157851078023
"REGION1","SEHYDMPH1","SEHO",2020,13.2773260010206
"REGION1","SEHYDMPH1","SEHO",2021,13.2622928288778
"REGION1","SEHYDMPH1","SEHO",2022,13.1309936706719
"REGION1","SEHYDMPH1","SEHO",2023,12.8998231933812
"REGION1","SEHYDMPH1","SEHO",2024,12.7211269962117
"REGION1","SEHYDMPH1","SEHO",2025,12.4421623772972
"REGION1","SEHYDMPH1","SEHO",2026,12.4073449833249
"REGION1","SEHYDMPH1","SEHO",2027,12.2675081179209
"REGION1","SEHYDMPH1","SEHO",2028,12.2106373440598
"REGION1","SEHYDMPH1","SEHO",2029,11.6880218785285
"REGION1","SEHYDMPH1","SEHO",2030,11.4716009286233
"REGION1","SEHYDMPH1","SEHO",2031,11.4301887940412
"REGION1","SEHYDMPH1","SEHO",2032,11.2085913273132
"REGION1","SEHYDMPH1","SEHO",2033,10.8112759333685
"REGION1","SEHYDMPH1","SEHO",2034,10.6101718003635
"REGION1","SEHYDMPH1","SEHO",2035,10.378547491461
"REGION1","SEHYDMPH1","SEHO",2036,10.2231101643994
"REGION1","SEHYDMPH1","SEHO",2037,10.0343445783418
"REGION1","SEHYDMPH1","SEHO",2038,9.46918239919872
"REGION1","SEHYDMPH1","SEHO",2039,9.03875147982626
"REGION1","SEHYDMPH1","SEHO",2040,8.86828098062175
"REGION1","SEHYDMPH1","SEHO",2041,8.53102736405908
"REGION1","SEHYDMPH1","SEHO",2042,7.69895546819148
"REGION1","SEHYDMPH1","SEHO",2043,7.54655314003409
"REGION1","SEHYDMPH1","SEHO",2044,7.27021223512562
"REGION1","SEHYDMPH1","SEHO",2045,7.27021223512562
"REGION1","SEHYDMPH1","SEHO",2046,7.19433726251795
"REGION1","SEHYDMPH1","SEHO",2047,7.19433726251795
"REGION1","SEHYDMPH1","SEHO",2048,7.18299147222148
"REGION1","SEHYDMPH1","SEHO",2049,7.08797047848852
"REGION1","SEHYDMPH1","SEHO",2050,7.0706681482864
"REGION1","SEHYDMPH1","SEHO",2051,7.0706681482864
"REGION1","SEHYDMPH1","SEHO",2052,6.77170657397433
"REGION1","SEHYDMPH1","SEHO",2053,6.75610611231668
"REGION1","SEHYDMPH1","SEHO",2054,6.75610611231668
"REGION1","SEHYDMPH1","SEHO",2055,6.49798938307191
"REGION1","SEHYDMPH1","SEHO",2056,6.48891275083473
"REGION1","SEHYDMPH1","SEHO",2057,6.40396114598989
"REGION1","SEHYDMPH1","SEHO",2058,6.23059747025978
"REGION1","SEHYDMPH1","SEHO",2059,5.82446072435964
"REGION1","SEHYDMPH1","SEHO",2060,5.70489027687269
"REGION1","SEHYDMPH2","SEHO",2015,141.55121431783
"REGION1","SEHYDMPH2","SEHO",2016,140.503146939193
"REGION1","SEHYDMPH2","SEHO",2017,140.141499873493
"REGION1","SEHYDMPH2","SEHO",2018,134.2884903043
"REGION1","SEHYDMPH2","SEHO",2019,133.012088895947
"REGION1","SEHYDMPH2","SEHO",2020,132.870266517241
"REGION1","SEHYDMPH2","SEHO",2021,132.232065813064
"REGION1","SEHYDMPH2","SEHO",2022,130.799659788135
"REGION1","SEHYDMPH2","SEHO",2023,130.799659788135
"REGION1","SEHYDMPH2","SEHO",2024,127.651202980863
"REGION1","SEHYDMPH2","SEHO",2025,127.651202980863
"REGION1","SEHYDMPH2","SEHO",2026,127.261191439422
"REGION1","SEHYDMPH2","SEHO",2027,126.871179897981
"REGION1","SEHYDMPH2","SEHO",2028,126.871179897981
"REGION1","SEHYDMPH2","SEHO",2029,123.536935774605
"REGION1","SEHYDMPH2","SEHO",2030,123.094449953042
"REGION1","SEHYDMPH2","SEHO",2031,121.605598621387
"REGION1","SEHYDMPH2","SEHO",2032,118.444377800033
"REGION1","SEHYDMPH2","SEHO",2033,112.391398676864
"REGION1","SEHYDMPH2","SEHO",2034,108.90682283206
"REGION1","SEHYDMPH2","SEHO",2035,102.051838157309
"REGION1","SEHYDMPH2","SEHO",2036,98.148177183429
"REGION1","SEHYDMPH2","SEHO",2037,91.1017322974256
"REGION1","SEHYDMPH2","SEHO",2038,86.7243845786675
"REGION1","SEHYDMPH2","SEHO",2039,83.9333201657351
"REGION1","SEHYDMPH2","SEHO",2040,81.7634377715345
"REGION1","SEHYDMPH2","SEHO",2041,73.8483308159574
"REGION1","SEHYDMPH2","SEHO",2042,70.6232899241849
"REGION1","SEHYDMPH2","SEHO",2043,65.9006047132779
"REGION1","SEHYDMPH2","SEHO",2044,58.4889672021067
"REGION1","SEHYDMPH2","SEHO",2045,56.5601828517063
"REGION1","SEHYDMPH2","SEHO",2046,54.3364079535975
"REGION1","SEHYDMPH2","SEHO",2047,52.7054505984795
"REGION1","SEHYDMPH2","SEHO",2048,47.2155063187735
"REGION1","SEHYDMPH2","SEHO",2049,45.1271717923289
"REGION1","SEHYDMPH2","SEHO",2050,42.5034577862694
"REGION1","SEHYDMPH2","SEHO",2051,39.567734547057
"REGION1","SEHYDMPH2","SEHO",2052,39.0004450322333
"REGION1","SEHYDMPH2","SEHO",2053,34.2635775834557
"REGION1","SEHYDMPH2","SEHO",2054,29.7904997590712
"REGION1","SEHYDMPH2","SEHO",2055,23.9970555889345
"REGION1","SEHYDMPH2","SEHO",2056,19.1807676080816
"REGION1","SEHYDMPH2","SEHO",2057,18.8120294234462
"REGION1","SEHYDMPH2","SEHO",2058,17.5781747287047
"REGION1","SEHYDMPH2","SEHO",2059,16.457777936928
"REGION1","SEHYDMPH2","SEHO",2060,15.4933857617278
"REGION1","SEHYDMPH3","SEHO",2015,70.8090772402896
"REGION1","SEHYDMPH3","SEHO",2016,70.8090772402897
"REGION1","SEHYDMPH3","SEHO",2017,70.8090772402896
"REGION1","SEHYDMPH3","SEHO",2018,70.8090772402896
"REGION1","SEHYDMPH3","SEHO",2019,70.8090772402896
"REGION1","SEHYDMPH3","SEHO",2020,70.8090772402897
"REGION1","SEHYDMPH3","SEHO",2021,70.8090772402896
"REGION1","SEHYDMPH3","SEHO",2022,70.8090772402896
"REGION1","SEHYDMPH3","SEHO",2023,70.8090772402896
"REGION1","SEHYDMPH3","SEHO",2024,69.1355731715598
"REGION1","SEHYDMPH3","SEHO",2025,69.1355731715598
"REGION1","SEHYDMPH3","SEHO",2026,69.1355731715598
"REGION1","SEHYDMPH3","SEHO",2027,69.1355731715598
"REGION1","SEHYDMPH3","SEHO",2028,69.1355731715598
"REGION1","SEHYDMPH3","SEHO",2029,69.1355731715598
"REGION1","SEHYDMPH3","SEHO",2030,111.302259697164
"REGION1","SEHYDMPH3","SEHO",2031,113.903523163401
"REGION1","SEHYDMPH3","SEHO",2032,118.358341451484
"REGION1","SEHYDMPH3","SEHO",2033,125.880635968597
"REGION1","SEHYDMPH3","SEHO",2034,130.359810959023
"REGION1","SEHYDMPH3","SEHO",2035,138.79692493006
"REGION1","SEHYDMPH3","SEHO",2036,143.384921702894
"REGION1","SEHYDMPH3","SEHO",2037,150.612132174955
"REGION1","SEHYDMPH3","SEHO",2038,155.546642072856
"REGION1","SEHYDMPH3","SEHO",2039,155.03350232458
"REGION1","SEHYDMPH3","SEHO",2040,161.091490298566
"REGION1","SEHYDMPH3","SEHO",2041,170.925850870706
"REGION1","SEHYDMPH3","SEHO",2042,170.925850870706
"REGION1","SEHYDMPH3","SEHO",2043,183.02405119741
"REGION1","SEHYDMPH3","SEHO",2044,181.492369507386
"REGION1","SEHYDMPH3","SEHO",2045,195.80581396389
"REGION1","SEHYDMPH3","SEHO",2046,199.696463834607
"REGION1","SEHYDMPH3","SEHO",2047,202.918421189725
"REGION1","SEHYDMPH3","SEHO",2048,210.010711259727
"REGION1","SEHYDMPH3","SEHO",2049,213.785066779905
"REGION1","SEHYDMPH3","SEHO",2050,218.017083116166
"REGION1","SEHYDMPH3","SEHO",2051,222.314806355379
"REGION1","SEHYDMPH3","SEHO",2052,224.551057444515
"REGION1","SEHYDMPH3","SEHO",2053,230.67952535495
"REGION1","SEHYDMPH3","SEHO",2054,236.535603179334
"REGION1","SEHYDMPH3","SEHO",2055,243.977164078716
"REGION1","SEHYDMPH3","SEHO",2056,250.52961816964
"REGION1","SEHYDMPH3","SEHO",2057,255.645472168615
"REGION1","SEHYDMPH3","SEHO",2058,248.767086801378
"REGION1","SEHYDMPH3","SEHO",2059,248.767086801377
"REGION1","SEHYDMPH3","SEHO",2060,263.05618669945
"REGION1","SEHYDSPH2","SEHO",2015,1.31643573384174
"REGION1","SEHYDSPH2","SEHO",2016,1.31643573384174
"REGION1","SEHYDSPH2","SEHO",2017,1.31643573384174
"REGION1","SEHYDSPH2","SEHO",2018,1.31643573384174
"REGION1","SEHYDSPH2","SEHO",2019,1.31643573384174
"REGION1","SEHYDSPH2","SEHO",2020,1.31643573384174
"REGION1","SEHYDSPH2","SEHO",2021,1.31643573384174
"REGION1","SEHYDSPH2","SEHO",2022,1.31643573384174
"REGION1","SEHYDSPH2","SEHO",2023,1.31643573384174
"REGION1","SEHYDSPH2","SEHO",2024,1.31643573384174
"REGION1","SEHYDSPH2","SEHO",2025,1.31643573384174
"REGION1","SEHYDSPH2","SEHO",2026,1.31643573384174
"REGION1","SEHYDSPH2","SEHO",2027,1.31643573384174
"REGION1","SEHYDSPH2","SEHO",2028,1.31643573384174
"REGION1","SEHYDSPH2","SEHO",2029,1.31643573384174
"REGION1","SEHYDSPH2","SEHO",2030,1.31643573384174
"REGION1","SEHYDSPH2","SEHO",2031,1.31643573384174
"REGION1","SEHYDSPH2","SEHO",2032,1.31643573384174
"REGION1","SEHYDSPH2","SEHO",2033,1.31643573384174
"REGION1","SEHYDSPH2","SEHO",2034,1.31643573384174
"REGION1","SEHYDSPH2","SEHO",2035,1.31643573384174
"REGION1","SEHYDSPH2","SEHO",2036,0.778537261949414
"REGION1","SEHYDSPH2","SEHO",2037,0.778537261949414
"REGION1","SEHYDSPH2","SEHO",2038,0.778537261949414
"REGION1","SEHYDSPH2","SEHO",2039,0.778537261949414
"REGION1","SEHYDSPH2","SEHO",2040,0.778537261949414
"REGION1","SEHYDSPH2","SEHO",2041,0.778537261949414
"REGION1","SEHYDSPH2","SEHO",2042,0.778537261949414
"REGION1","SEHYDSPH2","SEHO",2043,0.778537261949414
"REGION1","SEHYDSPH2","SEHO",2044,0.778537261949414
"REGION1","SEHYDSPH2","SEHO",2045,0.778537261949414
"REGION1","SEHYDSPH2","SEHO",2046,0.778537261949414
"REGION1","SEHYDSPH2","SEHO",2047,0.778537261949414
"REGION1","SEHYDSPH2","SEHO",2048,0.778537261949414
"REGION1","SEHYDSPH2","SEHO",2049,0.778537261949414
"REGION1","SEHYDSPH2","SEHO",2050,0.778537261949414
"REGION1","SEHYDSPH2","SEHO",2051,0.778537261949414
"REGION1","SEHYDSPH2","SEHO",2052,0.778537261949414
"REGION1","SEHYDSPH2","SEHO",2053,0.778537261949414
"REGION1","SEHYDSPH2","SEHO",2054,0.778537261949414
"REGION1","SEHYDSPH2","SEHO",2055,0.778537261949414
"REGION1","SEHYDSPH2","SEHO",2056,0.778537261949414
"REGION1","SEHYDSPH2","SEHO",2057,0.778537261949414
"REGION1","SEHYDSPH2","SEHO",2058,0.778537261949414
"REGION1","SEHYDSPH2","SEHO",2059,0.778537261949414
"REGION1","SEHYDSPH2","SEHO",2060,0.778537261949414
"REGION1","SEHYDSPH3","SEHO",2015,4.14925368732831
"REGION1","SEHYDSPH3","SEHO",2016,4.14925368732831
"REGION1","SEHYDSPH3","SEHO",2017,4.14925368732831
"REGION1","SEHYDSPH3","SEHO",2018,4.14925368732831
"REGION1","SEHYDSPH3","SEHO",2019,4.14925368732831
"REGION1","SEHYDSPH3","SEHO",2020,4.14925368732831
"REGION1","SEHYDSPH3","SEHO",2021,4.14925368732831
"REGION1","SEHYDSPH3","SEHO",2022,4.14925368732831
"REGION1","SEHYDSPH3","SEHO",2023,4.14925368732831
"REGION1","SEHYDSPH3","SEHO",2024,4.14925368732831
"REGION1","SEHYDSPH3","SEHO",2025,4.14925368732831
"REGION1","SEHYDSPH3","SEHO",2026,4.14925368732831
"REGION1","SEHYDSPH3","SEHO",2027,4.14925368732831
"REGION1","SEHYDSPH3","SEHO",2028,4.14925368732831
"REGION1","SEHYDSPH3","SEHO",2029,4.14925368732831
"REGION1","SEHYDSPH3","SEHO",2030,4.14925368732831
"REGION1","SEHYDSPH3","SEHO",2031,4.14925368732831
"REGION1","SEHYDSPH3","SEHO",2032,4.14925368732831
"REGION1","SEHYDSPH3","SEHO",2033,4.14925368732831
"REGION1","SEHYDSPH3","SEHO",2034,4.14925368732831
"REGION1","SEHYDSPH3","SEHO",2035,4.14925368732831
"REGION1","SEHYDSPH3","SEHO",2036,4.14925368732831
"REGION1","SEHYDSPH3","SEHO",2037,4.14925368732831
"REGION1","SEHYDSPH3","SEHO",2038,4.14925368732831
"REGION1","SEHYDSPH3","SEHO",2039,4.14925368732831
"REGION1","SEHYDSPH3","SEHO",2040,4.14925368732831
"REGION1","SEHYDSPH3","SEHO",2041,4.14925368732831
"REGION1","SEHYDSPH3","SEHO",2042,4.14925368732831
"REGION1","SEHYDSPH3","SEHO",2043,4.14925368732831
"REGION1","SEHYDSPH3","SEHO",2044,4.14925368732831
"REGION1","SEHYDSPH3","SEHO",2045,4.14925368732831
"REGION1","SEHYDSPH3","SEHO",2046,4.14925368732831
"REGION1","SEHYDSPH3","SEHO",2047,4.14925368732831
"REGION1","SEHYDSPH3","SEHO",2048,4.14925368732831
"REGION1","SEHYDSPH3","SEHO",2049,4.14925368732831
"REGION1","SEHYDSPH3","SEHO",2050,4.14925368732831
"REGION1","SEHYDSPH3","SEHO",2051,4.14925368732831
"REGION1","SEHYDSPH3","SEHO",2052,4.14925368732831
"REGION1","SEHYDSPH3","SEHO",2053,4.14925368732831
"REGION1","SEHYDSPH3","SEHO",2054,4.14925368732831
"REGION1","SEHYDSPH3","SEHO",2055,4.14925368732831
"REGION1","SENG00I00","CO2",2015,242.50770690048
"REGION1","SENG00I00","CO2",2016,242.50770690048
"REGION1","SENG00I00","CO2",2017,242.50770690048
"REGION1","SENG00I00","CO2",2018,242.50770690048
"REGION1","SENG00I00","CO2",2019,242.50770690048
"REGION1","SENG00I00","CO2",2020,242.50770690048
"REGION1","SENG00I00","CO2",2021,242.63971136294
"REGION1","SENG00I00","CO2",2022,242.639229669147
"REGION1","SENG00I00","CO2",2023,242.638747975353
"REGION1","SENG00I00","CO2",2024,242.50770690048
"REGION1","SENG00I00","CO2",2025,726.92059189248
"REGION1","SENG00I00","CO2",2026,726.92059189248
"REGION1","SENG00I00","CO2",2027,726.92059189248
"REGION1","SENG00I00","CO2",2028,726.92059189248
"REGION1","SENG00I00","CO2",2029,726.92059189248
"REGION1","SENG00I00","CO2",2030,757.987348785932
"REGION1","SENG00I00","CO2",2031,1147.54184191782
"REGION1","SENG00I00","CO2",2032,1147.54184191782
"REGION1","SENG00I00","CO2",2033,1147.54184191783
"REGION1","SENG00I00","CO2",2034,1145.44303112813
"REGION1","SENG00I00","CO2",2035,1141.20894867921
"REGION1","SENG00I00","CO2",2036,1144.4189927134
"REGION1","SENG00I00","CO2",2037,1144.24164200416
"REGION1","SENG00I00","CO2",2038,1145.26487948818
"REGION1","SENG00I00","CO2",2039,1144.99254168906
"REGION1","SENG00I00","CO2",2040,1145.1758036682
"REGION1","SENG00I00","CO2",2041,1132.57894782032
"REGION1","SENG00I00","CO2",2042,1128.1928261933
"REGION1","SENG00I00","CO2",2043,1137.91793485645
"REGION1","SENG00I00","CO2",2044,1129.90416964233
"REGION1","SENG00I00","CO2",2045,1144.56093603559
"REGION1","SENG00I00","CO2",2046,1143.68498038122
"REGION1","SENG00I00","CO2",2047,1142.8127836308
"REGION1","SENG00I00","CO2",2048,1142.03340894649
"REGION1","SENG00I00","CO2",2049,1141.32957502967
"REGION1","SENG00I00","CO2",2050,1140.62877036774
"REGION1","SENG00I00","CO2",2051,1139.20671522131
"REGION1","SENG00I00","CO2",2052,1137.83077270726
"REGION1","SENG00I00","CO2",2053,1136.49977212429
"REGION1","SENG00I00","CO2",2054,1162.44576889001
"REGION1","SENG00I00","CO2",2055,1164.05090133651
"REGION1","SENG00I00","CO2",2056,1202.40229548252
"REGION1","SENG00I00","CO2",2057,593.407119369198
"REGION1","SENG00I00","CO2",2058,593.407119369189
"REGION1","SENG00I00","CO2",2059,593.4071193692
"REGION1","SENG00I00","CO2",2060,593.407119369199
"REGION1","SENGCHPH3","SEPM25",2030,5.18899964339777e-05
"REGION1","SENGCHPH3","SEPM25",2031,3.59423865216e-05
"REGION1","SENGCHPH3","SEPM25",2032,3.59423865216e-05
"REGION1","SENGCHPH3","SEPM25",2033,3.59423865216e-05
"REGION1","SENGGCPN2","SEPM25",2034,3.35137355785979e-05
"REGION1","SENGGCPN2","SEPM25",2035,2.62671548481556e-05
"REGION1","SENGGCPN2","SEPM25",2036,3.18928086700164e-05
"REGION1","SENGGCPN2","SEPM25",2037,3.16583478952779e-05
"REGION1","SENGGCPN2","SEPM25",2038,3.35137355785979e-05
"REGION1","SENGGCPN2","SEPM25",2039,3.31161271881095e-05
"REGION1","SENGGCPN2","SEPM25",2040,3.35137355785979e-05
"REGION1","SENGGCPN2","SEPM25",2041,1.1497215669833e-05
"REGION1","SENGGCPN2","SEPM25",2042,3.81375079718397e-06
"REGION1","SENGGCPN2","SEPM25",2043,2.09535419831317e-05
"REGION1","SENGGCPN2","SEPM25",2044,6.85222578567123e-06
"REGION1","SENGGCPN2","SEPM25",2045,3.28024146029967e-05
"REGION1","SENGGCPN2","SEPM25",2046,3.13228156345928e-05
"REGION1","SENGGCPN2","SEPM25",2047,2.98432187247767e-05
"REGION1","SENGGCPN2","SEPM25",2048,2.8522288347358e-05
"REGION1","SENGGCPN2","SEPM25",2049,2.73302476263966e-05
"REGION1","SENGGCPN2","SEPM25",2050,2.61382101667539e-05
"REGION1","SENGGCPN2","SEPM25",2051,2.35933297271686e-05
"REGION1","SENGGCPN2","SEPM25",2052,2.11309714994998e-05
"REGION1","SENGGCPN2","SEPM25",2053,1.87490404209368e-05
"REGION1","SENGGCPN2","SEPM25",2054,6.51814588968733e-05
"REGION1","SENGGCPN2","SEPM25",2055,6.8053970681183e-05
"REGION1","SENGGCPN2","SEPM25",2056,0.000136686831395787
"REGION1","SENGGCPN2","SEPM25",2057,2.28518423848865e-05
"REGION1","SENGGCPN2","SEPM25",2058,1.61306814828191e-05
"REGION1","SENGGCPN2","SEPM25",2059,1.59262858221572e-05
"REGION1","SENGGCPN2","SEPM25",2060,4.27841561308502e-05
"REGION1","SESODIFH1","SESO",2015,0.00105889641132809
"REGION1","SESODIFH1","SESO",2016,0.00105889641132809
"REGION1","SESODIFH1","SESO",2017,0.00105889641132809
"REGION1","SESODIFH1","SESO",2018,0.00105889641132809
"REGION1","SESODIFH1","SESO",2019,0.00105889641132809
"REGION1","SESODIFH1","SESO",2020,0.00105889641132809
"REGION1","SESODIFH1","SESO",2021,0.00105889641132809
"REGION1","SESODIFH1","SESO",2022,0.00105889641132809
"REGION1","SESODIFH1","SESO",2023,0.00105889641132809
"REGION1","SESODIFH1","SESO",2024,0.00105889641132809
"REGION1","SESODIFH1","SESO",2025,0.00105889641132809
"REGION1","SESODIFH1","SESO",2026,0.00103427091339023
"REGION1","SESODIFH1","SESO",2027,0.00103427091339023
"REGION1","SESODIFH1","SESO",2028,0.00103427091339023
"REGION1","SESODIFH1","SESO",2029,0.00103427091339023
"REGION1","SESODIFH1","SESO",2030,0.00103427091339023
"REGION1","SESODIFH1","SESO",2031,0.00103427091339023
"REGION1","SESODIFH1","SESO",2032,0.00103427091339023
"REGION1","SESODIFH1","SESO",2033,0.000535604580148513
"REGION1","SESODIFH1","SESO",2034,0.000535604580148513
"REGION1","SESODIFH1","SESO",2035,0.000446337150123761
"REGION1","SESODIFH1","SESO",2036,0.000292427788012119
"REGION1","SESOUTPH2","SESO",2015,0.319072581445407
"REGION1","SESOUTPH2","SESO",2016,0.319072581445407
"REGION1","SESOUTPH2","SESO",2017,0.319072581445407
"REGION1","SESOUTPH2","SESO",2018,0.319072581445407
"REGION1","SESOUTPH2","SESO",2019,0.319072581445407
"REGION1","SESOUTPH2","SESO",2020,0.319072581445407
"REGION1","SESOUTPH2","SESO",2021,0.319072581445407
"REGION1","SESOUTPH2","SESO",2022,0.319072581445407
"REGION1","SESOUTPH2","SESO",2023,0.319072581445407
"REGION1","SESOUTPH2","SESO",2024,0.319072581445407
"REGION1","SESOUTPH2","SESO",2025,0.319072581445407
"REGION1","SESOUTPH2","SESO",2026,0.319072581445407
"REGION1","SESOUTPH2","SESO",2027,0.319072581445407
"REGION1","SESOUTPH2","SESO",2028,0.319072581445407
"REGION1","SESOUTPH2","SESO",2029,0.319072581445407
"REGION1","SESOUTPH2","SESO",2030,0.319072581445407
"REGION1","SESOUTPH2","SESO",2031,0.319072581445407
"REGION1","SESOUTPH2","SESO",2032,0.300628083220308
"REGION1","SESOUTPH2","SESO",2033,0.294970374986374
"REGION1","SESOUTPH2","SESO",2034,0.291892187699141
"REGION1","SESOUTPH2","SESO",2035,0.285825080556005
"REGION1","SESOUTPH2","SESO",2036,0.282900802633134
"REGION1","SESOUTPH2","SESO",2037,0.246254982978627
"REGION1","SESOUTPH2","SESO",2038,0.187769424521203
"REGION1","SESOUTPH2","SESO",2039,0.135440240638245
"REGION1","SEWIOFPH3","SEWO",2015,2.52310745185536
"REGION1","SEWIOFPH3","SEWO",2016,2.52310745185536
"REGION1","SEWIOFPH3","SEWO",2017,2.52310745185536
"REGION1","SEWIOFPH3","SEWO",2018,2.52310745185536
"REGION1","SEWIOFPH3","SEWO",2019,2.52310745185536
"REGION1","SEWIOFPH3","SEWO",2020,2.52310745185536
"REGION1","SEWIOFPH3","SEWO",2021,2.52310745185536
"REGION1","SEWIOFPH3","SEWO",2022,2.52310745185536
"REGION1","SEWIOFPH3","SEWO",2023,2.52310745185536
"REGION1","SEWIOFPH3","SEWO",2024,2.48268481572019
"REGION1","SEWIOFPH3","SEWO",2025,2.32834384138589
"REGION1","SEWIOFPH3","SEWO",2026,2.32834384138589
"REGION1","SEWIOFPH3","SEWO",2027,2.32834384138589
"REGION1","SEWIOFPH3","SEWO",2028,2.32834384138589
"REGION1","SEWIOFPH3","SEWO",2029,2.32834384138589
"REGION1","SEWIOFPH3","SEWO",2030,2.32834384138589
"REGION1","SEWIOFPH3","SEWO",2031,2.32834384138589
"REGION1","SEWIOFPH3","SEWO",2032,0.705558739813907
"REGION1","SEWIOFPH3","SEWO",2033,0.705558739813907
"REGION1","SEWIOFPH3","SEWO",2034,0.705558739813907
"REGION1","SEWIOFPH3","SEWO",2035,0.705558739813907
"REGION1","SEWIOFPH3","SEWO",2036,0.705558739813907
"REGION1","SEWIOFPH3","SEWO",2037,0.705558739813907
"REGION1","SEWIONPH3","SEWI",2015,43.171562821988
"REGION1","SEWIONPH3","SEWI",2016,43.171562821988
"REGION1","SEWIONPH3","SEWI",2017,43.171562821988
"REGION1","SEWIONPH3","SEWI",2018,43.171562821988
"REGION1","SEWIONPH3","SEWI",2019,43.171562821988
"REGION1","SEWIONPH3","SEWI",2020,43.171562821988
"REGION1","SEWIONPH3","SEWI",2021,43.171562821988
"REGION1","SEWIONPH3","SEWI",2022,43.154980558379
"REGION1","SEWIONPH3","SEWI",2023,42.8803718644101
"REGION1","SEWIONPH3","SEWI",2024,41.2498627170807
"REGION1","SEWIONPH3","SEWI",2025,40.9649201486887
"REGION1","SEWIONPH3","SEWI",2026,40.7124211395317
"REGION1","SEWIONPH3","SEWI",2027,40.5170388161389
"REGION1","SEWIONPH3","SEWI",2028,40.4147414701067
"REGION1","SEWIONPH3","SEWI",2029,40.2822435763422
"REGION1","SEWIONPH3","SEWI",2030,40.0346311279588
"REGION1","SEWIONPH3","SEWI",2031,39.7307030693478
"REGION1","SEWIONPH3","SEWI",2032,38.8478377203886
"REGION1","SEWIONPH3","SEWI",2033,35.5165651011642
"REGION1","SEWIONPH3","SEWI",2034,31.276392178039
"REGION1","SEWIONPH3","SEWI",2035,26.614292769752
"REGION1","SEWIONPH3","SEWI",2036,20.4529003870414
"REGION1","SEWIONPH3","SEWI",2037,14.8628350770808
"REGION1","SEWIONPH3","SEWI",2038,7.90885054763778
"REGION1","SEWIONPN3","SEWI",2015,5.6300294759836
"REGION1","SEWIONPN3","SEWI",2016,5.6300294759836
"REGION1","SEWIONPN3","SEWI",2017,5.6300294759836
"REGION1","SEWIONPN3","SEWI",2018,5.6300294759836
"REGION1","SEWIONPN3","SEWI",2019,5.6300294759836
"REGION1","SEWIONPN3","SEWI",2020,5.6300294759836
"REGION1","SEWIONPN3","SEWI",2021,5.6300294759836
"REGION1","SEWIONPN3","SEWI",2022,5.6300294759836
"REGION1","SEWIONPN3","SEWI",2023,5.6300294759836
"REGION1","SEWIONPN3","SEWI",2024,5.6300294759836
"REGION1","SEWIONPN3","SEWI",2025,5.6300294759836
"REGION1","SEWIONPN3","SEWI",2026,5.6300294759836
"REGION1","SEWIONPN3","SEWI",2027,5.6300294759836
"REGION1","SEWIONPN3","SEWI",2028,5.6300294759836
"REGION1","SEWIONPN3","SEWI",2029,5.6300294759836
"REGION1","SEWIONPN3","SEWI",2030,8.48947222743055
"REGION1","SEWIONPN3","SEWI",2031,17.0990564614702
"REGION1","SEWIONPN3","SEWI",2032,20.0381953072859
"REGION1","SEWIONPN3","SEWI",2033,22.9761387986513
"REGION1","SEWIONPN3","SEWI",2034,26.3930648440214
"REGION1","SEWIONPN3","SEWI",2035,44.1179046002938
"REGION1","SEWIONPN3","SEWI",2036,53.664224809463
"REGION1","SEWIONPN3","SEWI",2037,63.1528098142675
"REGION1","SEWIONPN3","SEWI",2038,74.9207694336757
"REGION1","SEWIONPN3","SEWI",2039,91.432250827111
"REGION1","SEWIONPN3","SEWI",2040,103.5270611074
"REGION1","SEWIONPN3","SEWI",2041,121.251900863672
"REGION1","SEWIONPN3","SEWI",2042,131.66566334779
"REGION1","SEWIONPN3","SEWI",2043,149.390503104062
"REGION1","SEWIONPN3","SEWI",2044,164.26242104493
"REGION1","SEWIONPN3","SEWI",2045,181.987260801203
"REGION1","SEWIONPN3","SEWI",2046,185.784667176136
"REGION1","SEWIONPN3","SEWI",2047,189.582063996451
"REGION1","SEWIONPN3","SEWI",2048,193.378657385375
"REGION1","SEWIONPN3","SEWI",2049,197.174596662312
"REGION1","SEWIONPN3","SEWI",2050,200.970525701826
"REGION1","SEWIONPN3","SEWI",2051,202.983421450436
"REGION1","SEWIONPN3","SEWI",2052,204.982916903943
"REGION1","SEWIONPN3","SEWI",2053,206.971021724212
"REGION1","SEWIONPN3","SEWI",2054,208.705931744321
"REGION1","SEWIONPN3","SEWI",2055,210.646360254056
"REGION1","SEWIONPN3","SEWI",2056,215.518555923292
"REGION1","SEWIONPN3","SEWI",2057,230.304256833749
"REGION1","SEWIONPN3","SEWI",2058,241.285047911551
"REGION1","SEWIONPN3","SEWI",2059,245.570560865139
"REGION1","SEWIONPN3","SEWI",2060,245.570560865139
"REGION1","SEWS00X00","SEPM25",2015,0.0288815010315375
"REGION1","SEWS00X00","SEPM25",2016,0.0279456662509636
"REGION1","SEWS00X00","SEPM25",2017,0.0262111523277635
"REGION1","SEWS00X00","SEPM25",2018,0.025391585975415
"REGION1","SEWS00X00","SEPM25",2019,0.0259051969910827
"REGION1","SEWS00X00","SEPM25",2020,0.0271142438796676
"REGION1","SEWS00X00","SEPM25",2021,0.0256231866828533
"REGION1","SEWS00X00","SEPM25",2022,0.0237713918989048
"REGION1","SEWS00X00","SEPM25",2023,0.0215759403535996
"REGION1","SEWS00X00","SEPM25",2024,0.0661662301048448
"REGION1","SEWS00X00","SEPM25",2025,0.0906613272265327
"REGION1","SEWS00X00","SEPM25",2026,0.0847566357111812
"REGION1","SEWS00X00","SEPM25",2027,0.0845864049354114
"REGION1","SEWS00X00","SEPM25",2028,0.100636535471513
"REGION1","SEWS00X00","SEPM25",2029,0.124795181364
"REGION1","SEWS00X00","SEPM25",2030,0.12483309405
"REGION1","SEWS00X00","SEPM25",2031,0.12332030354
"REGION1","SEWS00X00","SEPM25",2032,0.121806769644
"REGION1","SEWS00X00","SEPM25",2033,0.118491920067963
"REGION1","SEWS00X00","SEPM25",2034,0.118779701852
"REGION1","SEWS00X00","SEPM25",2035,0.117266911342
"REGION1","SEWS00X00","SEPM25",2036,0.115312549548
"REGION1","SEWS00X00","SEPM25",2037,0.11335893114
"REGION1","SEWS00X00","SEPM25",2038,0.111405312732
"REGION1","SEWS00X00","SEPM25",2039,0.109451694324
"REGION1","SEWS00X00","SEPM25",2040,0.107498075916
"REGION1","SEWS00X00","SEPM25",2041,0.106911544362
"REGION1","SEWS00X00","SEPM25",2042,0.106325012808
"REGION1","SEWS00X00","SEPM25",2043,0.10573922464
"REGION1","SEWS00X00","SEPM25",2044,0.105152693086
"REGION1","SEWS00X00","SEPM25",2045,0.104566904918
"REGION1","SEWS00X00","SEPM25",2046,0.103225836574
"REGION1","SEWS00X00","SEPM25",2047,0.10188476823
"REGION1","SEWS00X00","SEPM25",2048,0.100543699886
"REGION1","SEWS00X00","SEPM25",2049,0.099202631542
"REGION1","SEWS00X00","SEPM25",2050,0.097861563198
"REGION1","SEWS00X00","SEPM25",2051,0.09619786533
"REGION1","SEWS00X00","SEPM25",2052,0.09456241613
"REGION1","SEWS00X00","SEPM25",2053,0.092955215598
"REGION1","SEWS00X00","SEPM25",2054,0.091374776962
"REGION1","SEWS00X00","SEPM25",2055,0.089821100222
"REGION1","SEWS00X00","SEPM25",2056,0.088115029352
"REGION1","SEWS00X00","SEPM25",2057,0.08644092408
"REGION1","SEWS00X00","SEPM25",2058,0.08479804102
"REGION1","SEWS00X00","SEPM25",2059,0.083187123558
"REGION1","SEWS00X00","SEPM25",2060,0.081606684922
"REGION1","SECK00X00","CO2",2015,3609.901533924
"REGION1","SECK00X00","CO2",2016,3609.901533924
"REGION1","SECK00X00","CO2",2017,3609.901533924
"REGION1","SECK00X00","CO2",2018,3609.901533924
"REGION1","SECK00X00","CO2",2019,3609.901533924
"REGION1","SECK00X00","CO2",2020,3609.901533924
"REGION1","SECK00X00","CO2",2021,3609.901533924
"REGION1","SECK00X00","CO2",2022,3609.901533924
"REGION1","SECK00X00","CO2",2023,3609.90153392399
"REGION1","SECK00X00","CO2",2024,3609.901533924
"REGION1","SECK00X00","CO2",2025,1630.668283524
"REGION1","SECK00X00","CO2",2026,1630.668283524
"REGION1","SECK00X00","CO2",2027,1630.668283524
"REGION1","SECK00X00","CO2",2028,1630.668283524
"REGION1","SECK00X00","CO2",2029,1630.668283524
"REGION1","SECK00X00","CO2",2030,1630.66828352401
"REGION1","SEOI00I00","CO2",2015,132.05269219212
"REGION1","SEOI00I00","CO2",2016,132.05269219212
"REGION1","SEOI00I00","CO2",2017,132.05269219212
"REGION1","SEOI00I00","CO2",2018,132.05269219212
"REGION1","SEOI00I00","CO2",2019,132.05269219212
"REGION1","SEOI00I00","CO2",2020,132.05269219212
"REGION1","SEOI00I00","CO2",2021,132.05269219212
"REGION1","SEOI00I00","CO2",2022,132.05269219212
"REGION1","SEOI00I00","CO2",2023,132.05269219212
"REGION1","SEOI00I00","CO2",2024,132.05269219212
"REGION1","SEOI00I00","CO2",2025,59.65097244012
"REGION1","SEOI00I00","CO2",2026,59.65097244012
"REGION1","SEOI00I00","CO2",2027,59.65097244012
"REGION1","SEOI00I00","CO2",2028,59.65097244012
"REGION1","SEOI00I00","CO2",2029,59.6509724401199
"REGION1","SEOI00I00","CO2",2030,59.6509724401206
